,Unnamed: 0,2017
0,P/L,11.375
1,P/VPA,6.555
2,P/FCO,-23.650000000000002
3,DY,0.0
4,PSRO ín,1.5825
5,EV/EBIT,23.14
6,ROE,-0.0184
7,ROIC,0.077975
8,LC,0.475
9,DB/PL,1.5625
10,LPA,-0.015000000000000003
11,VPA,1.175
12,DPA,0.0
