,Unnamed: 0,2017
0,P/L,-52.595
1,P/VPA,1.385
2,P/FCO,19.995
3,DY,0.0
4,PSRO ín,1.23
5,EV/EBIT,-9.529999999999994
6,ROE,-0.0226
7,ROIC,0.009575
8,LC,0.8999999999999999
9,DB/PL,0.73
10,LPA,-0.057499999999999996
11,VPA,1.9375
12,DPA,0.0
