,Unnamed: 0,2017
0,P/L,2.1275
1,P/VPA,0.435
2,P/FCO,4.11
3,DY,0.0
4,PSRO ín,0.195
5,EV/EBIT,2.2575
6,ROE,0.155475
7,ROIC,0.132475
8,LC,1.77
9,DB/PL,0.7175
10,LPA,0.5725
11,VPA,2.7675
12,DPA,0.2925
