,Unnamed: 0,2019
0,P/L,3.985
1,P/VPA,3.0225
2,P/FCO,-33.4775
3,DY,0.0
4,PSRO ín,0.2275
5,EV/EBIT,3.19
6,ROE,0.19039999999999999
7,ROIC,0.116125
8,LC,0.1975
9,DB/PL,0.52
10,LPA,0.1725
11,VPA,0.2275
12,DPA,0.0
