,Unnamed: 0,2017
0,P/L,14.8825
1,P/VPA,3.085
2,P/FCO,12.1625
3,DY,0.01265
4,PSRO ín,1.8425
5,EV/EBIT,10.2275
6,ROE,0.101575
7,ROIC,0.0635
8,LC,1.3075
9,DB/PL,0.265
10,LPA,0.435
11,VPA,2.16
12,DPA,0.0
