,Unnamed: 0,2017
0,P/L,6.885
1,P/VPA,2.7375
2,P/FCO,8.86
3,DY,0.0
4,PSRO ín,5.3025
5,EV/EBIT,13.7475
6,ROE,-5833.447975
7,ROIC,-3477.7110249999996
8,LC,0.4325
9,DB/PL,2546.1675
10,LPA,0.5950000000000001
11,VPA,1.7
12,DPA,0.0175
